Designator,Footprint,Quantity,Value,LCSC Part #
"C1, C10, C2, C4",0402,4,1uF,C52923
"C11, C12, C13, C14, C15, C16, C17, C3, C5, C6",0402,10,100nF,C1525
"C7, C8",0402,2,22pF,C1555
C9,0402,1,10uF,C15525
"CH1, CH10, CH11, CH12, CH13, CH14, CH15, CH16, CH17, CH18, CH19, CH2, CH20, CH21, CH22, CH3, CH4, CH5, CH6, CH7, CH8, CH9",ModifiedMarbastlibChoc,22,choc_SW_HS,
"D1, D2",D_SOD-123,2,Schottky Diode,C130880
D3,0805,1,GREEN,
F1,1206,1,500 mA,
"H10, H11, H12, H13, H14, H15, H16, H5, H6, H7, H8, H9",MountingHole_2.2mm_M2,12,MountingHole,
J1,TYPE-C_24P_QCHT,1,USB C Connector,C456013
J2,CON_TC2030_outlined,1,JTAG_TC2030,
R1,0603,1,1M,C25190
"R10, R11",0402,2,1k,C11702
"R2, R3",0402,2,5.1k,C25744
"R4, R7",0402,2,10k,
R5,0603,1,5.6k,
R6,0603,1,10k,
"R8, R9",0603,2,27,C25190
SW1,SW_SPST_SKQG_WithStem,1,Boot,C5156480
U1,SOT-23,1,XC6206,C5446
U2,SOT-23-6,1,USBLC6-2SC6,
U3,RP2040-QFN-56,1,RP2040,C2040
U4,SOIC-8_5.23x5.23mm_P1.27mm,1,W25Q128JVS,C97521
Y1,Crystal_SMD_3225-4Pin_3.2x2.5mm,1,12MHz,C9002
